class,p_mean,p_std,r_mean,r_std,f1_mean,f1_std,sup_mean,sup_std
Attribute_of,0.0,0.0,0.0,0.0,0.0,0.0,13.8,4.166533331199932
Condition,0.8530000000000001,0.07826365695519219,0.7976,0.1199042951691056,0.8204,0.08300506008672001,17.0,3.03315017762062
Trigger,0.7571999999999999,0.08836153009087158,0.667,0.10080476179228837,0.7043999999999999,0.07596472865744999,15.2,2.7129319932501073
