{
  "acc": 0.9655172413792936,
  "precision": 0.8999999999999551,
  "recall": 0.9999999999999445,
  "f1": 0.9473684210520831,
  "tp": 18,
  "fp": 2,
  "fn": 0,
  "tn": 38,
  "loss": 0.17229468002915382
}